{
    "total_runtime": 0.76088547706604,
    "num_documents": 1,
    "input_load_time": 0,
    "workflows": {
        "create_base_text_units": {
            "overall": 0.6050741672515869,
            "0_orderby": 0.003991603851318359,
            "1_zip": 0.0039861202239990234,
            "2_aggregate_override": 0.00797891616821289,
            "3_chunk": 0.49932146072387695,
            "4_select": 0.005217552185058594,
            "5_unroll": 0.006996631622314453,
            "6_rename": 0.005939006805419922,
            "7_genid": 0.027709245681762695,
            "8_unzip": 0.005077838897705078,
            "9_copy": 0.0041353702545166016,
            "10_filter": 0.031728506088256836
        }
    }
}